feature,omics_group,prefix
rs_CLEC3A,mRNA,rs_
rs_CPB1,mRNA,rs_
rs_SCGB2A2,mRNA,rs_
rs_SCGB1D2,mRNA,rs_
rs_TFF1,mRNA,rs_
rs_MUCL1,mRNA,rs_
rs_GSTM1,mRNA,rs_
rs_PIP,mRNA,rs_
rs_ADIPOQ,mRNA,rs_
rs_ADH1B,mRNA,rs_
rs_S100A7,mRNA,rs_
rs_HMGCS2,mRNA,rs_
rs_CYP2B7P1,mRNA,rs_
rs_ANKRD30A,mRNA,rs_
rs_PRAME,mRNA,rs_
rs_TAT,mRNA,rs_
rs_SERPINA6,mRNA,rs_
rs_AGR3,mRNA,rs_
rs_TFAP2B,mRNA,rs_
rs_CYP4Z1,mRNA,rs_
rs_DHRS2,mRNA,rs_
rs_KCNJ3,mRNA,rs_
rs_MYBPC1,mRNA,rs_
rs_C4orf7,mRNA,rs_
rs_KRT14,mRNA,rs_
rs_MUC6,mRNA,rs_
rs_UGT2B11,mRNA,rs_
rs_GABRP,mRNA,rs_
rs_SOX10,mRNA,rs_
rs_SLC30A8,mRNA,rs_
rs_STAC2,mRNA,rs_
rs_VSTM2A,mRNA,rs_
rs_COL2A1,mRNA,rs_
rs_KRT5,mRNA,rs_
rs_TUSC5,mRNA,rs_
rs_CEACAM5,mRNA,rs_
rs_CALML5,mRNA,rs_
rs_GP2,mRNA,rs_
rs_GSTT1,mRNA,rs_
rs_LEP,mRNA,rs_
rs_FABP7,mRNA,rs_
rs_C1orf64,mRNA,rs_
rs_CRABP1,mRNA,rs_
rs_FABP4,mRNA,rs_
rs_KRT6B,mRNA,rs_
rs_KLK11,mRNA,rs_
rs_CST9,mRNA,rs_
rs_CST1,mRNA,rs_
rs_PIGR,mRNA,rs_
rs_CIDEC,mRNA,rs_
rs_SYT13,mRNA,rs_
rs_KLK5,mRNA,rs_
rs_OLFM4,mRNA,rs_
rs_HOXB13,mRNA,rs_
rs_LTF,mRNA,rs_
rs_TFF3,mRNA,rs_
rs_MUC5B,mRNA,rs_
rs_BMPR1B,mRNA,rs_
rs_CEACAM6,mRNA,rs_
rs_TCN1,mRNA,rs_
rs_SLC34A2,mRNA,rs_
rs_CRISP3,mRNA,rs_
rs_CLCA2,mRNA,rs_
rs_AGR2,mRNA,rs_
rs_ABCC11,mRNA,rs_
rs_GRIA2,mRNA,rs_
rs_KRT17,mRNA,rs_
rs_NPY1R,mRNA,rs_
rs_C20orf114,mRNA,rs_
rs_DSG3,mRNA,rs_
rs_OBP2B,mRNA,rs_
rs_KIF1A,mRNA,rs_
rs_CYP4F8,mRNA,rs_
rs_TNNT1,mRNA,rs_
rs_LRP2,mRNA,rs_
rs_PROM1,mRNA,rs_
rs_PVALB,mRNA,rs_
rs_FAM5C,mRNA,rs_
rs_ELF5,mRNA,rs_
rs_GFRA1,mRNA,rs_
rs_CYP2A6,mRNA,rs_
rs_PGR,mRNA,rs_
rs_CGA,mRNA,rs_
rs_GPD1,mRNA,rs_
rs_VGLL1,mRNA,rs_
rs_PLIN1,mRNA,rs_
rs_CP,mRNA,rs_
rs_KCNC2,mRNA,rs_
rs_MUC16,mRNA,rs_
rs_KRT6A,mRNA,rs_
rs_ALB,mRNA,rs_
rs_AQP5,mRNA,rs_
rs_WIF1,mRNA,rs_
rs_KLK6,mRNA,rs_
rs_KLK7,mRNA,rs_
rs_CBLN2,mRNA,rs_
rs_KRT81,mRNA,rs_
rs_CIDEA,mRNA,rs_
rs_EEF1A2,mRNA,rs_
rs_SERPINA11,mRNA,rs_
rs_LBP,mRNA,rs_
rs_MMP1,mRNA,rs_
rs_BPIL1,mRNA,rs_
rs_KRT16,mRNA,rs_
rs_PI16,mRNA,rs_
rs_KLK10,mRNA,rs_
rs_MSLN,mRNA,rs_
rs_A2ML1,mRNA,rs_
rs_NLRP2,mRNA,rs_
rs_COL17A1,mRNA,rs_
rs_SLC6A14,mRNA,rs_
rs_PROL1,mRNA,rs_
rs_PPP1R1B,mRNA,rs_
rs_SLC5A8,mRNA,rs_
rs_PTPRT,mRNA,rs_
rs_CA9,mRNA,rs_
rs_NXPH1,mRNA,rs_
rs_MUC15,mRNA,rs_
rs_SFRP1,mRNA,rs_
rs_CALML3,mRNA,rs_
rs_PPP2R2C,mRNA,rs_
rs_CNTNAP2,mRNA,rs_
rs_C7,mRNA,rs_
rs_SLITRK6,mRNA,rs_
rs_PLIN4,mRNA,rs_
rs_BEX1,mRNA,rs_
rs_SCGB2A1,mRNA,rs_
rs_CYP4Z2P,mRNA,rs_
rs_KLHDC7A,mRNA,rs_
rs_SLC6A4,mRNA,rs_
rs_ORM1,mRNA,rs_
rs_SCGB3A1,mRNA,rs_
rs_C10orf82,mRNA,rs_
rs_LRRC31,mRNA,rs_
rs_HBA1,mRNA,rs_
rs_PCK1,mRNA,rs_
rs_RPS28,mRNA,rs_
rs_ESR1,mRNA,rs_
rs_CDC20B,mRNA,rs_
rs_PDZK1,mRNA,rs_
rs_SYT9,mRNA,rs_
rs_DLK1,mRNA,rs_
rs_IGSF1,mRNA,rs_
rs_MAGEA6,mRNA,rs_
rs_GRPR,mRNA,rs_
rs_FOLR1,mRNA,rs_
rs_S100P,mRNA,rs_
rs_CXCL13,mRNA,rs_
rs_DCD,mRNA,rs_
rs_FOXI1,mRNA,rs_
rs_DSC3,mRNA,rs_
rs_MMP13,mRNA,rs_
rs_COL11A1,mRNA,rs_
rs_MIA,mRNA,rs_
rs_SCARA5,mRNA,rs_
rs_SERPINB5,mRNA,rs_
rs_CD300LG,mRNA,rs_
rs_ROPN1,mRNA,rs_
rs_PYDC1,mRNA,rs_
rs_ANKRD30B,mRNA,rs_
rs_CXCL17,mRNA,rs_
rs_PLA2G2A,mRNA,rs_
rs_DIO1,mRNA,rs_
rs_NBPF4,mRNA,rs_
rs_AQP7,mRNA,rs_
rs_ABCA12,mRNA,rs_
rs_GLRA3,mRNA,rs_
rs_SAA2,mRNA,rs_
rs_CHAD,mRNA,rs_
rs_ASCL1,mRNA,rs_
rs_LRP1B,mRNA,rs_
rs_SLC5A1,mRNA,rs_
rs_ATP13A5,mRNA,rs_
rs_PTPRZ1,mRNA,rs_
rs_WNK4,mRNA,rs_
rs_CST5,mRNA,rs_
rs_PEG10,mRNA,rs_
rs_CLIC6,mRNA,rs_
rs_MS4A15,mRNA,rs_
rs_ABCC8,mRNA,rs_
rs_PPAN-P2RY11,mRNA,rs_
rs_SORCS1,mRNA,rs_
rs_NKAIN1,mRNA,rs_
rs_SAA1,mRNA,rs_
rs_SLC44A4,mRNA,rs_
rs_RBP4,mRNA,rs_
rs_ARHGAP36,mRNA,rs_
rs_SDR16C5,mRNA,rs_
rs_GSTA1,mRNA,rs_
rs_TF,mRNA,rs_
rs_C2orf54,mRNA,rs_
rs_LY6D,mRNA,rs_
rs_S100A7A,mRNA,rs_
rs_KRT15,mRNA,rs_
rs_CYP4F22,mRNA,rs_
rs_GLYATL2,mRNA,rs_
rs_BBOX1,mRNA,rs_
rs_CAPN8,mRNA,rs_
rs_SOSTDC1,mRNA,rs_
rs_TMPRSS4,mRNA,rs_
rs_DSG1,mRNA,rs_
rs_CASP14,mRNA,rs_
rs_LCN2,mRNA,rs_
rs_PGLYRP2,mRNA,rs_
rs_SPAG6,mRNA,rs_
rs_CAPN6,mRNA,rs_
rs_TMEM132C,mRNA,rs_
rs_CCL21,mRNA,rs_
rs_PI3,mRNA,rs_
rs_SLC7A4,mRNA,rs_
rs_NBPF6,mRNA,rs_
rs_MAGEA3,mRNA,rs_
rs_TSPAN8,mRNA,rs_
rs_SCUBE2,mRNA,rs_
rs_SLC19A3,mRNA,rs_
rs_KLK8,mRNA,rs_
rs_RIMS4,mRNA,rs_
rs_ROPN1B,mRNA,rs_
rs_MSMB,mRNA,rs_
rs_IL20,mRNA,rs_
rs_NEK10,mRNA,rs_
rs_EDN3,mRNA,rs_
rs_SLC13A2,mRNA,rs_
rs_S100A8,mRNA,rs_
rs_TRIM29,mRNA,rs_
rs_SYT8,mRNA,rs_
rs_ORM2,mRNA,rs_
rs_PON3,mRNA,rs_
rs_FAM3B,mRNA,rs_
rs_FGB,mRNA,rs_
rs_S100A9,mRNA,rs_
rs_LPPR3,mRNA,rs_
rs_HS6ST3,mRNA,rs_
rs_SERPINA5,mRNA,rs_
rs_WFDC2,mRNA,rs_
rs_CHRDL1,mRNA,rs_
rs_ZIC1,mRNA,rs_
rs_CST4,mRNA,rs_
rs_PCOLCE2,mRNA,rs_
rs_NCRNA00052,mRNA,rs_
rs_ERBB4,mRNA,rs_
rs_C2orf40,mRNA,rs_
rs_DARC,mRNA,rs_
rs_C16orf89,mRNA,rs_
rs_ACTL8,mRNA,rs_
rs_TMC5,mRNA,rs_
rs_ABCA8,mRNA,rs_
rs_SLC9A2,mRNA,rs_
rs_COL10A1,mRNA,rs_
rs_FOXJ1,mRNA,rs_
rs_ANXA8,mRNA,rs_
rs_THRSP,mRNA,rs_
rs_ABCC13,mRNA,rs_
rs_MARCO,mRNA,rs_
rs_PPP1R1A,mRNA,rs_
rs_PI15,mRNA,rs_
rs_WDR72,mRNA,rs_
rs_AKR1C2,mRNA,rs_
rs_SPDYC,mRNA,rs_
rs_ATP6V0A4,mRNA,rs_
rs_ALOX15B,mRNA,rs_
rs_TRPA1,mRNA,rs_
rs_ELOVL2,mRNA,rs_
rs_SLC26A3,mRNA,rs_
rs_LGALS12,mRNA,rs_
rs_SMYD1,mRNA,rs_
rs_TRH,mRNA,rs_
rs_SYTL5,mRNA,rs_
rs_KNDC1,mRNA,rs_
rs_CHIT1,mRNA,rs_
rs_HGD,mRNA,rs_
rs_CHST8,mRNA,rs_
rs_VTCN1,mRNA,rs_
rs_ROBO2,mRNA,rs_
rs_MRAP,mRNA,rs_
rs_INSM1,mRNA,rs_
rs_HOTAIR,mRNA,rs_
rs_C14orf180,mRNA,rs_
rs_PKP1,mRNA,rs_
rs_CR2,mRNA,rs_
rs_NPY2R,mRNA,rs_
rs_SYT1,mRNA,rs_
rs_GPR98,mRNA,rs_
rs_ALDH1L1,mRNA,rs_
rs_LOC100271831,mRNA,rs_
rs_BCAS1,mRNA,rs_
rs_HOXC11,mRNA,rs_
rs_LOC728606,mRNA,rs_
rs_HORMAD1,mRNA,rs_
rs_SLPI,mRNA,rs_
rs_HEPACAM2,mRNA,rs_
rs_ANXA8L2,mRNA,rs_
rs_FREM2,mRNA,rs_
rs_ATP1A2,mRNA,rs_
rs_FSIP1,mRNA,rs_
rs_PIK3C2G,mRNA,rs_
rs_CYP4B1,mRNA,rs_
rs_TUBA3D,mRNA,rs_
rs_FOXA1,mRNA,rs_
rs_NAT1,mRNA,rs_
rs_CA4,mRNA,rs_
rs_KRT13,mRNA,rs_
rs_CCL19,mRNA,rs_
rs_PPP4R4,mRNA,rs_
rs_TTYH1,mRNA,rs_
rs_EPYC,mRNA,rs_
rs_SLC28A3,mRNA,rs_
rs_TIMP4,mRNA,rs_
rs_AGTR1,mRNA,rs_
rs_IGDCC3,mRNA,rs_
rs_FGFBP1,mRNA,rs_
rs_HSD17B2,mRNA,rs_
rs_SLC7A2,mRNA,rs_
rs_VSIG2,mRNA,rs_
rs_FLJ45983,mRNA,rs_
rs_KIAA0408,mRNA,rs_
rs_FAM5B,mRNA,rs_
rs_GLDC,mRNA,rs_
rs_FAM196A,mRNA,rs_
rs_PNMT,mRNA,rs_
rs_CYP4X1,mRNA,rs_
rs_NCCRP1,mRNA,rs_
rs_TMPRSS6,mRNA,rs_
rs_KRT23,mRNA,rs_
rs_CNTFR,mRNA,rs_
rs_MS4A1,mRNA,rs_
rs_PAX7,mRNA,rs_
rs_UGT2B15,mRNA,rs_
rs_MMP12,mRNA,rs_
rs_GRB14,mRNA,rs_
rs_FGG,mRNA,rs_
rs_C2CD4A,mRNA,rs_
rs_TFPI2,mRNA,rs_
rs_ZBTB16,mRNA,rs_
rs_ART3,mRNA,rs_
rs_NPY5R,mRNA,rs_
rs_DCDC2,mRNA,rs_
rs_PCSK1N,mRNA,rs_
rs_UGT2B28,mRNA,rs_
rs_PPP1R14C,mRNA,rs_
rs_ONECUT2,mRNA,rs_
rs_DCX,mRNA,rs_
rs_RGS22,mRNA,rs_
rs_GJB1,mRNA,rs_
rs_C1orf173,mRNA,rs_
rs_RBM24,mRNA,rs_
rs_TRPV6,mRNA,rs_
rs_ATP13A4,mRNA,rs_
rs_AKR7A3,mRNA,rs_
rs_C19orf33,mRNA,rs_
rs_KRT4,mRNA,rs_
rs_DES,mRNA,rs_
rs_TMPRSS3,mRNA,rs_
rs_ZIC2,mRNA,rs_
rs_OGN,mRNA,rs_
rs_C3orf57,mRNA,rs_
rs_CACNG4,mRNA,rs_
rs_LOC642587,mRNA,rs_
rs_ATRNL1,mRNA,rs_
rs_AFP,mRNA,rs_
rs_NDP,mRNA,rs_
rs_GABRB3,mRNA,rs_
rs_LRG1,mRNA,rs_
rs_AREG,mRNA,rs_
rs_GRIK3,mRNA,rs_
rs_TPRG1,mRNA,rs_
rs_AKR1B10,mRNA,rs_
rs_IGJ,mRNA,rs_
rs_PSCA,mRNA,rs_
rs_DKK1,mRNA,rs_
rs_GRIA4,mRNA,rs_
rs_CYP2A7,mRNA,rs_
rs_COMP,mRNA,rs_
rs_TSIX,mRNA,rs_
rs_GRM4,mRNA,rs_
rs_FIGF,mRNA,rs_
rs_HRASLS5,mRNA,rs_
rs_FAT2,mRNA,rs_
rs_CCNO,mRNA,rs_
rs_ADCY5,mRNA,rs_
rs_TDRD1,mRNA,rs_
rs_F7,mRNA,rs_
rs_TPSG1,mRNA,rs_
rs_C6,mRNA,rs_
rs_KRT6C,mRNA,rs_
rs_ACTG2,mRNA,rs_
rs_LGR6,mRNA,rs_
rs_S100B,mRNA,rs_
rs_ADH1C,mRNA,rs_
rs_FUT3,mRNA,rs_
rs_CARTPT,mRNA,rs_
rs_POF1B,mRNA,rs_
rs_PRSS21,mRNA,rs_
rs_FAM83E,mRNA,rs_
rs_MAPK4,mRNA,rs_
rs_PTCHD1,mRNA,rs_
rs_IRX1,mRNA,rs_
rs_SYNPO2L,mRNA,rs_
rs_GLYAT,mRNA,rs_
rs_MYT1,mRNA,rs_
rs_PRODH,mRNA,rs_
rs_SHISA9,mRNA,rs_
rs_DEFB1,mRNA,rs_
rs_VIPR2,mRNA,rs_
rs_SOX2,mRNA,rs_
rs_AR,mRNA,rs_
rs_TP63,mRNA,rs_
rs_IYD,mRNA,rs_
rs_PLCH1,mRNA,rs_
rs_SLC27A6,mRNA,rs_
rs_HPX,mRNA,rs_
rs_PP14571,mRNA,rs_
rs_DLX2,mRNA,rs_
rs_SPAG17,mRNA,rs_
rs_PRG4,mRNA,rs_
rs_MMP7,mRNA,rs_
rs_UGT8,mRNA,rs_
rs_NEURL,mRNA,rs_
rs_AFF3,mRNA,rs_
rs_MS4A8B,mRNA,rs_
rs_APOD,mRNA,rs_
rs_TMEM213,mRNA,rs_
rs_TLX1,mRNA,rs_
rs_ZFP57,mRNA,rs_
rs_FOSB,mRNA,rs_
rs_TUBA3E,mRNA,rs_
rs_CHGB,mRNA,rs_
rs_HP,mRNA,rs_
rs_FAM3D,mRNA,rs_
rs_RERGL,mRNA,rs_
rs_CXADRP3,mRNA,rs_
rs_CHST9,mRNA,rs_
rs_CD36,mRNA,rs_
rs_CYP4F11,mRNA,rs_
rs_CD177,mRNA,rs_
rs_TBC1D3G,mRNA,rs_
rs_NKX2-2,mRNA,rs_
rs_S100A2,mRNA,rs_
rs_SPDEF,mRNA,rs_
rs_GLYATL1,mRNA,rs_
rs_MMP10,mRNA,rs_
rs_RELN,mRNA,rs_
rs_SMOC1,mRNA,rs_
rs_PCDHA11,mRNA,rs_
rs_BCL11A,mRNA,rs_
rs_RET,mRNA,rs_
rs_ANKRD43,mRNA,rs_
rs_WT1,mRNA,rs_
rs_PLA2G2D,mRNA,rs_
rs_KCNF1,mRNA,rs_
rs_CCL18,mRNA,rs_
rs_CHI3L2,mRNA,rs_
rs_SLC7A10,mRNA,rs_
rs_NTNG1,mRNA,rs_
rs_FXYD1,mRNA,rs_
rs_SLC6A15,mRNA,rs_
rs_MKRN3,mRNA,rs_
rs_ZNF385B,mRNA,rs_
rs_CLDN8,mRNA,rs_
rs_FAM83A,mRNA,rs_
rs_SHISA2,mRNA,rs_
rs_MYEOV,mRNA,rs_
rs_SBSN,mRNA,rs_
rs_AKR1C1,mRNA,rs_
rs_ABCC12,mRNA,rs_
rs_NOVA1,mRNA,rs_
rs_SOX11,mRNA,rs_
rs_FUT6,mRNA,rs_
rs_SCRG1,mRNA,rs_
rs_AK5,mRNA,rs_
rs_TTC36,mRNA,rs_
rs_TOX3,mRNA,rs_
rs_IRX4,mRNA,rs_
rs_CA3,mRNA,rs_
rs_SCNN1G,mRNA,rs_
rs_TPSD1,mRNA,rs_
rs_PCDHA12,mRNA,rs_
rs_TSPAN1,mRNA,rs_
rs_LOC389033,mRNA,rs_
rs_PART1,mRNA,rs_
rs_CRYM,mRNA,rs_
rs_HOXC10,mRNA,rs_
rs_DBC1,mRNA,rs_
rs_SLC6A11,mRNA,rs_
rs_ACADL,mRNA,rs_
rs_CXCL14,mRNA,rs_
rs_MKX,mRNA,rs_
rs_CLDN19,mRNA,rs_
rs_FGF10,mRNA,rs_
rs_MMP11,mRNA,rs_
rs_NTS,mRNA,rs_
rs_KCNG1,mRNA,rs_
rs_PITX1,mRNA,rs_
rs_DOK7,mRNA,rs_
rs_CAPN9,mRNA,rs_
rs_RASAL1,mRNA,rs_
rs_MAGEA1,mRNA,rs_
rs_RHCG,mRNA,rs_
rs_SCGN,mRNA,rs_
rs_OSR1,mRNA,rs_
rs_S100A1,mRNA,rs_
rs_CITED1,mRNA,rs_
rs_ADAMDEC1,mRNA,rs_
rs_PLP1,mRNA,rs_
rs_ANO3,mRNA,rs_
rs_NELL2,mRNA,rs_
rs_CAPN13,mRNA,rs_
rs_HAPLN1,mRNA,rs_
rs_NMU,mRNA,rs_
rs_EMX1,mRNA,rs_
rs_GPRIN2,mRNA,rs_
rs_C19orf21,mRNA,rs_
rs_CSN3,mRNA,rs_
rs_C2orf82,mRNA,rs_
rs_GABBR2,mRNA,rs_
rs_PLA2G3,mRNA,rs_
rs_CLGN,mRNA,rs_
rs_MYOC,mRNA,rs_
rs_GPR26,mRNA,rs_
rs_VWDE,mRNA,rs_
rs_ANGPTL7,mRNA,rs_
rs_ACTA1,mRNA,rs_
rs_LOC283392,mRNA,rs_
rs_C4BPA,mRNA,rs_
rs_MAOB,mRNA,rs_
rs_KCNJ16,mRNA,rs_
rs_GPX2,mRNA,rs_
rs_SLC15A1,mRNA,rs_
rs_DEGS2,mRNA,rs_
rs_MUC2,mRNA,rs_
rs_CALB2,mRNA,rs_
rs_CHRM1,mRNA,rs_
rs_CCL14,mRNA,rs_
rs_PCDH10,mRNA,rs_
rs_CTNND2,mRNA,rs_
rs_CECR2,mRNA,rs_
rs_SPINK8,mRNA,rs_
rs_LY6K,mRNA,rs_
rs_PEG3,mRNA,rs_
rs_CST2,mRNA,rs_
rs_FERMT1,mRNA,rs_
rs_MMRN1,mRNA,rs_
rs_SERHL2,mRNA,rs_
rs_SEZ6L,mRNA,rs_
rs_TNNI3,mRNA,rs_
rs_EREG,mRNA,rs_
rs_ADAMTS15,mRNA,rs_
rs_PAX2,mRNA,rs_
rs_TNNT3,mRNA,rs_
rs_B3GNT3,mRNA,rs_
rs_LOC440905,mRNA,rs_
rs_CD19,mRNA,rs_
rs_ADH1A,mRNA,rs_
rs_RIMS2,mRNA,rs_
rs_ALOX15,mRNA,rs_
rs_ADAMTS19,mRNA,rs_
rs_NTRK3,mRNA,rs_
rs_RNF183,mRNA,rs_
rs_FLT3,mRNA,rs_
rs_TNMD,mRNA,rs_
rs_GPR12,mRNA,rs_
rs_IBSP,mRNA,rs_
rs_COL4A6,mRNA,rs_
rs_CLSTN2,mRNA,rs_
rs_FIBCD1,mRNA,rs_
rs_CES1,mRNA,rs_
rs_CADM3,mRNA,rs_
rs_AKR1B15,mRNA,rs_
rs_PCDHA10,mRNA,rs_
rs_HIF3A,mRNA,rs_
rs_GPM6A,mRNA,rs_
rs_CXCR2P1,mRNA,rs_
rs_DACH1,mRNA,rs_
rs_C1orf95,mRNA,rs_
rs_HEPACAM,mRNA,rs_
rs_TMEM45B,mRNA,rs_
rs_VIT,mRNA,rs_
rs_CXCL2,mRNA,rs_
rs_FMO2,mRNA,rs_
rs_HBB,mRNA,rs_
rs_CDSN,mRNA,rs_
rs_KCNIP2,mRNA,rs_
rs_CCL28,mRNA,rs_
rs_C8orf85,mRNA,rs_
rs_CRYAB,mRNA,rs_
rs_LOC84740,mRNA,rs_
rs_PPAPDC1A,mRNA,rs_
rs_IL33,mRNA,rs_
rs_AQP7P1,mRNA,rs_
rs_MAGEA4,mRNA,rs_
rs_ACE2,mRNA,rs_
rs_MYH11,mRNA,rs_
rs_LOC100124692,mRNA,rs_
rs_HS3ST4,mRNA,rs_
rs_SELP,mRNA,rs_
rs_PADI3,mRNA,rs_
rs_ACVR1C,mRNA,rs_
rs_AMY1A,mRNA,rs_
rs_OXTR,mRNA,rs_
rs_DEFB132,mRNA,rs_
rs_APOB,mRNA,rs_
rs_SPHKAP,mRNA,rs_
rs_DPYSL5,mRNA,rs_
rs_HEPN1,mRNA,rs_
cn_ISG15,CNV,cn_
cn_BAI2,CNV,cn_
cn_TEKT2,CNV,cn_
cn_DNALI1,CNV,cn_
cn_RSPO1,CNV,cn_
cn_KIAA0754,CNV,cn_
cn_KCNQ4,CNV,cn_
cn_EDN2,CNV,cn_
cn_CLDN19,CNV,cn_
cn_CDC20,CNV,cn_
cn_ARTN,CNV,cn_
cn_HPDL,CNV,cn_
cn_TSPAN1,CNV,cn_
cn_CYP4B1,CNV,cn_
cn_CYP4Z2P,CNV,cn_
cn_CYP4X1,CNV,cn_
cn_CYP4Z1,CNV,cn_
cn_PDZK1IP1,CNV,cn_
cn_RAB3B,CNV,cn_
cn_DIO1,CNV,cn_
cn_TTC22,CNV,cn_
cn_PCSK9,CNV,cn_
cn_PRKAA2,CNV,cn_
cn_C1orf168,CNV,cn_
cn_KANK4,CNV,cn_
cn_FOXD3,CNV,cn_
cn_IL12RB2,CNV,cn_
cn_DIRAS3,CNV,cn_
cn_C1orf173,CNV,cn_
cn_SLC44A5,CNV,cn_
cn_ST6GALNAC5,CNV,cn_
cn_AK5,CNV,cn_
cn_PTGFR,CNV,cn_
cn_DNASE2B,CNV,cn_
cn_LPAR3,CNV,cn_
cn_CLCA2,CNV,cn_
cn_CLCA4,CNV,cn_
cn_GBP5,CNV,cn_
cn_TGFBR3,CNV,cn_
cn_BRDT,CNV,cn_
cn_EPHX4,CNV,cn_
cn_ABCA4,CNV,cn_
cn_COL11A1,CNV,cn_
cn_AMY1A,CNV,cn_
cn_NTNG1,CNV,cn_
cn_NBPF4,CNV,cn_
cn_NBPF6,CNV,cn_
cn_GSTM1,CNV,cn_
cn_GSTM5,CNV,cn_
cn_GSTM3,CNV,cn_
cn_SLC6A17,CNV,cn_
cn_CHI3L2,CNV,cn_
cn_KCND3,CNV,cn_
cn_FAM19A3,CNV,cn_
cn_AMPD1,CNV,cn_
cn_CASQ2,CNV,cn_
cn_VTCN1,CNV,cn_
cn_SPAG17,CNV,cn_
cn_HSD3B2,CNV,cn_
cn_HMGCS2,CNV,cn_
cn_FMO5,CNV,cn_
cn_ZNF695,CNV,cn_
cn_TRIM58,CNV,cn_
cn_CHL1,CNV,cn_
cn_CNTN4,CNV,cn_
cn_LRRN1,CNV,cn_
cn_EGOT,CNV,cn_
cn_ROBO2,CNV,cn_
cn_CADM2,CNV,cn_
cn_NPFFR2,CNV,cn_
cn_ALB,CNV,cn_
cn_AFP,CNV,cn_
cn_RASSF6,CNV,cn_
cn_IL8,CNV,cn_
cn_CXCL1,CNV,cn_
cn_CXCL5,CNV,cn_
cn_EREG,CNV,cn_
cn_AREG,CNV,cn_
cn_CDKL2,CNV,cn_
cn_CXCL9,CNV,cn_
cn_CCDC158,CNV,cn_
cn_CXCL13,CNV,cn_
cn_LRRC14B,CNV,cn_
cn_IRX4,CNV,cn_
cn_C5orf38,CNV,cn_
cn_IRX1,CNV,cn_
cn_ADAMTS16,CNV,cn_
cn_ADCY2,CNV,cn_
cn_ROPN1L,CNV,cn_
cn_CTNND2,CNV,cn_
cn_DNAH5,CNV,cn_
cn_MARCH11,CNV,cn_
cn_NPR3,CNV,cn_
cn_IL7R,CNV,cn_
cn_CAPSL,CNV,cn_
cn_UGT3A2,CNV,cn_
cn_RANBP3L,CNV,cn_
cn_FGF10,CNV,cn_
cn_GZMK,CNV,cn_
cn_CDC20B,CNV,cn_
cn_IL6ST,CNV,cn_
cn_PART1,CNV,cn_
cn_GTF2H2B,CNV,cn_
cn_CARTPT,CNV,cn_
cn_FOXD1,CNV,cn_
cn_F2RL2,CNV,cn_
cn_PDE8B,CNV,cn_
cn_THBS4,CNV,cn_
cn_CKMT2,CNV,cn_
cn_HAPLN1,CNV,cn_
cn_EDIL3,CNV,cn_
cn_GPR98,CNV,cn_
cn_FAM81B,CNV,cn_
cn_C5orf27,CNV,cn_
cn_PCSK1,CNV,cn_
cn_ERAP2,CNV,cn_
cn_EFNA5,CNV,cn_
cn_TSLP,CNV,cn_
cn_TRIM36,CNV,cn_
cn_CDO1,CNV,cn_
cn_AQPEP,CNV,cn_
cn_MEGF10,CNV,cn_
cn_FBN2,CNV,cn_
cn_SLC27A6,CNV,cn_
cn_ADAMTS19,CNV,cn_
cn_SHROOM1,CNV,cn_
cn_FSTL4,CNV,cn_
cn_PITX1,CNV,cn_
cn_C5orf20,CNV,cn_
cn_CXCL14,CNV,cn_
cn_PCDHA1,CNV,cn_
cn_PCDHA12,CNV,cn_
cn_IL17B,CNV,cn_
cn_GPX3,CNV,cn_
cn_FAT2,CNV,cn_
cn_GRIA1,CNV,cn_
cn_ITK,CNV,cn_
cn_FABP6,CNV,cn_
cn_ATP10B,CNV,cn_
cn_FBLL1,CNV,cn_
cn_FAM196B,CNV,cn_
cn_FOXI1,CNV,cn_
cn_GABRP,CNV,cn_
cn_STC2,CNV,cn_
cn_MSX2,CNV,cn_
cn_CPLX2,CNV,cn_
cn_UNC5A,CNV,cn_
cn_FGFR4,CNV,cn_
cn_RASGEF1C,CNV,cn_
cn_SCGB3A1,CNV,cn_
cn_BTNL9,CNV,cn_
cn_IRF4,CNV,cn_
cn_FOXC1,CNV,cn_
cn_TUBB2B,CNV,cn_
cn_ELOVL2,CNV,cn_
cn_RNF182,CNV,cn_
cn_RBM24,CNV,cn_
cn_ID4,CNV,cn_
cn_DCDC2,CNV,cn_
cn_KIAA0319,CNV,cn_
cn_LRFN2,CNV,cn_
cn_PGC,CNV,cn_
cn_GNMT,CNV,cn_
cn_DLK2,CNV,cn_
cn_C6orf223,CNV,cn_
cn_GSTA1,CNV,cn_
cn_HMGCLL1,CNV,cn_
cn_BMP5,CNV,cn_
cn_COL9A1,CNV,cn_
cn_RIMS1,CNV,cn_
cn_KCNQ5,CNV,cn_
cn_DDX43,CNV,cn_
cn_MRAP2,CNV,cn_
cn_CGA,CNV,cn_
cn_CNR1,CNV,cn_
cn_EPHA7,CNV,cn_
cn_FUT9,CNV,cn_
cn_SIM1,CNV,cn_
cn_POPDC3,CNV,cn_
cn_WISP3,CNV,cn_
cn_COL10A1,CNV,cn_
cn_RFX6,CNV,cn_
cn_PKIB,CNV,cn_
cn_FABP7,CNV,cn_
cn_TRDN,CNV,cn_
cn_KIAA0408,CNV,cn_
cn_ENPP3,CNV,cn_
cn_EYA4,CNV,cn_
cn_MYB,CNV,cn_
cn_IL20RA,CNV,cn_
cn_IL22RA2,CNV,cn_
cn_GPR126,CNV,cn_
cn_SAMD5,CNV,cn_
cn_ULBP1,CNV,cn_
cn_PPP1R14C,CNV,cn_
cn_IYD,CNV,cn_
cn_ESR1,CNV,cn_
cn_PNLDC1,CNV,cn_
cn_SLC22A3,CNV,cn_
cn_DACT2,CNV,cn_
cn_AMZ1,CNV,cn_
cn_ITGB8,CNV,cn_
cn_ABCB5,CNV,cn_
cn_DNAH11,CNV,cn_
cn_MGAM,CNV,cn_
cn_PRSS1,CNV,cn_
cn_PIP,CNV,cn_
cn_CNTNAP2,CNV,cn_
cn_KCNH2,CNV,cn_
cn_WDR86,CNV,cn_
cn_DPP6,CNV,cn_
cn_EN2,CNV,cn_
cn_MNX1,CNV,cn_
cn_PTPRN2,CNV,cn_
cn_VIPR2,CNV,cn_
cn_CSMD1,CNV,cn_
cn_DEFB1,CNV,cn_
cn_BLK,CNV,cn_
cn_GATA4,CNV,cn_
cn_SLC7A2,CNV,cn_
cn_FGL1,CNV,cn_
cn_NAT1,CNV,cn_
cn_LPL,CNV,cn_
cn_NPM2,CNV,cn_
cn_HR,CNV,cn_
cn_EGR3,CNV,cn_
cn_PEBP4,CNV,cn_
cn_ADAMDEC1,CNV,cn_
cn_NEFL,CNV,cn_
cn_SCARA5,CNV,cn_
cn_NRG1,CNV,cn_
cn_ADAM32,CNV,cn_
cn_IDO1,CNV,cn_
cn_C8orf4,CNV,cn_
cn_ZMAT4,CNV,cn_
cn_SFRP1,CNV,cn_
cn_ANK1,CNV,cn_
cn_EFCAB1,CNV,cn_
cn_PXDNL,CNV,cn_
cn_OPRK1,CNV,cn_
cn_RP1,CNV,cn_
cn_SDR16C5,CNV,cn_
cn_PENK,CNV,cn_
cn_CA8,CNV,cn_
cn_TRIM55,CNV,cn_
cn_C8orf46,CNV,cn_
cn_CPA6,CNV,cn_
cn_PREX2,CNV,cn_
cn_C8orf34,CNV,cn_
cn_XKR9,CNV,cn_
cn_EYA1,CNV,cn_
cn_TRPA1,CNV,cn_
cn_PI15,CNV,cn_
cn_CRISPLD1,CNV,cn_
cn_HNF4G,CNV,cn_
cn_PKIA,CNV,cn_
cn_FABP4,CNV,cn_
cn_CA3,CNV,cn_
cn_CA2,CNV,cn_
cn_ATP6V0D2,CNV,cn_
cn_MATN2,CNV,cn_
cn_C8orf47,CNV,cn_
cn_RGS22,CNV,cn_
cn_RIMS2,CNV,cn_
cn_PKHD1L1,CNV,cn_
cn_CSMD3,CNV,cn_
cn_SLC30A8,CNV,cn_
cn_TNFRSF11B,CNV,cn_
cn_COL14A1,CNV,cn_
cn_FAM83A,CNV,cn_
cn_GSDMC,CNV,cn_
cn_FAM135B,CNV,cn_
cn_COL22A1,CNV,cn_
cn_BAI1,CNV,cn_
cn_ARC,CNV,cn_
cn_PSCA,CNV,cn_
cn_LY6K,CNV,cn_
cn_GPIHBP1,CNV,cn_
cn_MAPK15,CNV,cn_
cn_GPT,CNV,cn_
cn_SLC1A1,CNV,cn_
cn_RLN2,CNV,cn_
cn_IL33,CNV,cn_
cn_TYRP1,CNV,cn_
cn_FREM1,CNV,cn_
cn_SH3GL2,CNV,cn_
cn_SLC24A2,CNV,cn_
cn_CDKN2A,CNV,cn_
cn_DMRTA1,CNV,cn_
cn_ELAVL2,CNV,cn_
cn_TMEM215,CNV,cn_
cn_AQP7,CNV,cn_
cn_AQP3,CNV,cn_
cn_PRSS3,CNV,cn_
cn_DNAI1,CNV,cn_
cn_CNTFR,CNV,cn_
cn_CCL19,CNV,cn_
cn_KIAA1045,CNV,cn_
cn_CA9,CNV,cn_
cn_HRCT1,CNV,cn_
cn_MELK,CNV,cn_
cn_PAX5,CNV,cn_
cn_CNTNAP3,CNV,cn_
cn_PGM5,CNV,cn_
cn_GPR144,CNV,cn_
cn_LCN2,CNV,cn_
cn_ENTPD8,CNV,cn_
cn_CACNA1B,CNV,cn_
cn_TUBBP5,CNV,cn_
cn_AKR1E2,CNV,cn_
cn_CALML5,CNV,cn_
cn_CALML3,CNV,cn_
cn_ITIH5,CNV,cn_
cn_ITIH2,CNV,cn_
cn_GATA3,CNV,cn_
cn_MCM10,CNV,cn_
cn_BEND7,CNV,cn_
cn_ITGA8,CNV,cn_
cn_ST8SIA6,CNV,cn_
cn_MRC1,CNV,cn_
cn_ARMC3,CNV,cn_
cn_C10orf107,CNV,cn_
cn_SYNPO2L,CNV,cn_
cn_DUSP13,CNV,cn_
cn_PLAC9,CNV,cn_
cn_MAT1A,CNV,cn_
cn_DYDC2,CNV,cn_
cn_C10orf90,CNV,cn_
cn_FAM196A,CNV,cn_
cn_KNDC1,CNV,cn_
cn_SYCE1,CNV,cn_
cn_WT1,CNV,cn_
cn_ELF5,CNV,cn_
cn_EHF,CNV,cn_
cn_SLC1A2,CNV,cn_
cn_LRRC4C,CNV,cn_
cn_CTSW,CNV,cn_
cn_SYT12,CNV,cn_
cn_ACY3,CNV,cn_
cn_GAL,CNV,cn_
cn_MYEOV,CNV,cn_
cn_FOLR1,CNV,cn_
cn_PLEKHB1,CNV,cn_
cn_CHRDL2,CNV,cn_
cn_MOGAT2,CNV,cn_
cn_DGAT2,CNV,cn_
cn_WNT11,CNV,cn_
cn_KCTD14,CNV,cn_
cn_THRSP,CNV,cn_
cn_FAM181B,CNV,cn_
cn_PGR,CNV,cn_
cn_MMP7,CNV,cn_
cn_MMP10,CNV,cn_
cn_MMP3,CNV,cn_
cn_GRIA4,CNV,cn_
cn_C11orf92,CNV,cn_
cn_CRYAB,CNV,cn_
cn_NCAM1,CNV,cn_
cn_DRD2,CNV,cn_
cn_ZBTB16,CNV,cn_
cn_DSCAML1,CNV,cn_
cn_TMPRSS4,CNV,cn_
cn_CD3E,CNV,cn_
cn_CD3D,CNV,cn_
cn_TTC36,CNV,cn_
cn_CXCR5,CNV,cn_
cn_TRIM29,CNV,cn_
cn_GRIK4,CNV,cn_
cn_VSIG2,CNV,cn_
cn_HEPACAM,CNV,cn_
cn_PKNOX2,CNV,cn_
cn_BARX2,CNV,cn_
cn_TMEM45B,CNV,cn_
cn_ADAMTS8,CNV,cn_
cn_ADAMTS15,CNV,cn_
cn_IGSF9B,CNV,cn_
cn_B3GAT1,CNV,cn_
cn_B4GALNT3,CNV,cn_
cn_LRTM2,CNV,cn_
cn_KCNA1,CNV,cn_
cn_NTF3,CNV,cn_
cn_SCNN1A,CNV,cn_
cn_CLEC4E,CNV,cn_
cn_A2ML1,CNV,cn_
cn_KLRB1,CNV,cn_
cn_BCL2L14,CNV,cn_
cn_MGP,CNV,cn_
cn_ERP27,CNV,cn_
cn_LMO3,CNV,cn_
cn_RERGL,CNV,cn_
cn_SLCO1A2,CNV,cn_
cn_C12orf39,CNV,cn_
cn_TUBA3C,CNV,cn_
cn_GJB2,CNV,cn_
cn_GJB6,CNV,cn_
cn_FGF9,CNV,cn_
cn_SGCG,CNV,cn_
cn_ATP8A2,CNV,cn_
cn_SHISA2,CNV,cn_
cn_GPR12,CNV,cn_
cn_FLT3,CNV,cn_
cn_DCLK1,CNV,cn_
cn_FREM2,CNV,cn_
cn_PCDH20,CNV,cn_
cn_PCDH9,CNV,cn_
cn_KLHL1,CNV,cn_
cn_DACH1,CNV,cn_
cn_SCEL,CNV,cn_
cn_SLAIN1,CNV,cn_
cn_POU4F1,CNV,cn_
cn_SLITRK1,CNV,cn_
cn_SLITRK6,CNV,cn_
cn_SLITRK5,CNV,cn_
cn_CLDN10,CNV,cn_
cn_HS6ST3,CNV,cn_
cn_OXGR1,CNV,cn_
cn_SLC15A1,CNV,cn_
cn_ZIC5,CNV,cn_
cn_FAM155A,CNV,cn_
cn_F7,CNV,cn_
cn_DHRS2,CNV,cn_
cn_NOVA1,CNV,cn_
cn_COCH,CNV,cn_
cn_PAX9,CNV,cn_
cn_FOXA1,CNV,cn_
cn_SSTR1,CNV,cn_
cn_ABHD12B,CNV,cn_
cn_PRIMA1,CNV,cn_
cn_IFI27,CNV,cn_
cn_PPP4R4,CNV,cn_
cn_SERPINA6,CNV,cn_
cn_SERPINA1,CNV,cn_
cn_SERPINA11,CNV,cn_
cn_SERPINA5,CNV,cn_
cn_SERPINA3,CNV,cn_
cn_TCL1B,CNV,cn_
cn_DEGS2,CNV,cn_
cn_DLK1,CNV,cn_
cn_DIO3,CNV,cn_
cn_TDRD9,CNV,cn_
cn_C14orf180,CNV,cn_
cn_PLD4,CNV,cn_
cn_CRIP1,CNV,cn_
cn_THSD4,CNV,cn_
cn_GRAMD2,CNV,cn_
cn_C15orf59,CNV,cn_
cn_CRABP1,CNV,cn_
cn_RASGRF1,CNV,cn_
cn_KIAA1199,CNV,cn_
cn_TMC3,CNV,cn_
cn_AP3B2,CNV,cn_
cn_BNC1,CNV,cn_
cn_NTRK3,CNV,cn_
cn_ACAN,CNV,cn_
cn_RHCG,CNV,cn_
cn_PLIN1,CNV,cn_
cn_MESP1,CNV,cn_
cn_ANPEP,CNV,cn_
cn_ST8SIA2,CNV,cn_
cn_RGMA,CNV,cn_
cn_SYNM,CNV,cn_
cn_ARHGDIG,CNV,cn_
cn_FBXL16,CNV,cn_
cn_METRN,CNV,cn_
cn_SOX8,CNV,cn_
cn_CACNA1H,CNV,cn_
cn_BAIAP3,CNV,cn_
cn_IGFALS,CNV,cn_
cn_NPW,CNV,cn_
cn_RAB26,CNV,cn_
cn_PRSS33,CNV,cn_
cn_KREMEN2,CNV,cn_
cn_PKMYT1,CNV,cn_
cn_CLDN6,CNV,cn_
cn_C16orf89,CNV,cn_
cn_ABAT,CNV,cn_
cn_GRIN2A,CNV,cn_
cn_TNFRSF17,CNV,cn_
cn_SHISA9,CNV,cn_
cn_ABCC6,CNV,cn_
cn_SYT17,CNV,cn_
cn_TMC5,CNV,cn_
cn_GP2,CNV,cn_
cn_ACSM5,CNV,cn_
cn_ACSM1,CNV,cn_
cn_DNAH3,CNV,cn_
cn_CRYM,CNV,cn_
cn_SCNN1G,CNV,cn_
cn_SCNN1B,CNV,cn_
cn_HS3ST4,CNV,cn_
cn_CD19,CNV,cn_
cn_ASPHD1,CNV,cn_
cn_PYDC1,CNV,cn_
cn_ABCC12,CNV,cn_
cn_ABCC11,CNV,cn_
cn_CBLN1,CNV,cn_
cn_TOX3,CNV,cn_
cn_IRX6,CNV,cn_
cn_SLC6A2,CNV,cn_
cn_CES1,CNV,cn_
cn_MT1M,CNV,cn_
cn_MT1G,CNV,cn_
cn_CCL17,CNV,cn_
cn_RRAD,CNV,cn_
cn_CES3,CNV,cn_
cn_RLTPR,CNV,cn_
cn_CDH3,CNV,cn_
cn_CDH1,CNV,cn_
cn_HAS3,CNV,cn_
cn_IL34,CNV,cn_
cn_CALB2,CNV,cn_
cn_CHST4,CNV,cn_
cn_TAT,CNV,cn_
cn_HP,CNV,cn_
cn_SYCE1L,CNV,cn_
cn_ADAMTS18,CNV,cn_
cn_CLEC3A,CNV,cn_
cn_PKD1L2,CNV,cn_
cn_SDR42E1,CNV,cn_
cn_CPNE7,CNV,cn_
cn_CCDC144B,CNV,cn_
cn_MFAP4,CNV,cn_
cn_ALDH3A1,CNV,cn_
cn_SLC13A2,CNV,cn_
cn_CORO6,CNV,cn_
cn_SLC6A4,CNV,cn_
cn_RHBDL3,CNV,cn_
cn_CCL11,CNV,cn_
cn_GAS2L2,CNV,cn_
cn_CCL14,CNV,cn_
cn_CCL18,CNV,cn_
cn_STAC2,CNV,cn_
cn_PPP1R1B,CNV,cn_
cn_PNMT,CNV,cn_
cn_IKZF3,CNV,cn_
cn_TOP2A,CNV,cn_
cn_TNS4,CNV,cn_
cn_CCR7,CNV,cn_
cn_KRT23,CNV,cn_
cn_KRT31,CNV,cn_
cn_KRT13,CNV,cn_
cn_KRT14,CNV,cn_
cn_KRT16,CNV,cn_
cn_HAP1,CNV,cn_
cn_WNK4,CNV,cn_
cn_RND2,CNV,cn_
cn_ETV4,CNV,cn_
cn_MEOX1,CNV,cn_
cn_CD300LG,CNV,cn_
cn_PYY,CNV,cn_
cn_RUNDC3A,CNV,cn_
cn_GFAP,CNV,cn_
cn_CRHR1,CNV,cn_
cn_HOXB2,CNV,cn_
cn_HOXB5,CNV,cn_
cn_HOXB13,CNV,cn_
cn_B4GALNT2,CNV,cn_
cn_NGFR,CNV,cn_
cn_DLX3,CNV,cn_
cn_CHAD,CNV,cn_
cn_HLF,CNV,cn_
cn_TMEM100,CNV,cn_
cn_TEX14,CNV,cn_
cn_PPM1E,CNV,cn_
cn_PRR11,CNV,cn_
cn_CA4,CNV,cn_
cn_TCAM1P,CNV,cn_
cn_SCN4A,CNV,cn_
cn_RGS9,CNV,cn_
cn_CACNG4,CNV,cn_
cn_CACNG1,CNV,cn_
cn_SLC16A6,CNV,cn_
cn_ABCA8,CNV,cn_
cn_ABCA9,CNV,cn_
cn_ABCA6,CNV,cn_
cn_ABCA10,CNV,cn_
cn_KCNJ16,CNV,cn_
cn_SSTR2,CNV,cn_
cn_SDK2,CNV,cn_
cn_KIF19,CNV,cn_
cn_FOXJ1,CNV,cn_
cn_ST6GALNAC1,CNV,cn_
cn_MGAT5B,CNV,cn_
cn_BIRC5,CNV,cn_
cn_CBX2,CNV,cn_
cn_NPTX1,CNV,cn_
cn_NOTUM,CNV,cn_
cn_CLUL1,CNV,cn_
cn_ADCYAP1,CNV,cn_
cn_MYOM1,CNV,cn_
cn_DLGAP1,CNV,cn_
cn_LAMA1,CNV,cn_
cn_CIDEA,CNV,cn_
cn_CXADRP3,CNV,cn_
cn_ANKRD30B,CNV,cn_
cn_GREB1L,CNV,cn_
cn_LAMA3,CNV,cn_
cn_AQP4,CNV,cn_
cn_CHST9,CNV,cn_
cn_CDH2,CNV,cn_
cn_DSC3,CNV,cn_
cn_DSC1,CNV,cn_
cn_DSG1,CNV,cn_
cn_DSG3,CNV,cn_
cn_NOL4,CNV,cn_
cn_SLC39A6,CNV,cn_
cn_SLC14A2,CNV,cn_
cn_SIGLEC15,CNV,cn_
cn_MAPK4,CNV,cn_
cn_CCDC68,CNV,cn_
cn_ONECUT2,CNV,cn_
cn_GRP,CNV,cn_
cn_SERPINB5,CNV,cn_
cn_SERPINB3,CNV,cn_
cn_SERPINB7,CNV,cn_
cn_SERPINB2,CNV,cn_
cn_CDH7,CNV,cn_
cn_CDH19,CNV,cn_
cn_CBLN2,CNV,cn_
cn_GZMM,CNV,cn_
cn_HCN2,CNV,cn_
cn_AZU1,CNV,cn_
cn_LPPR3,CNV,cn_
cn_CFD,CNV,cn_
cn_CELF5,CNV,cn_
cn_ZFR2,CNV,cn_
cn_LRG1,CNV,cn_
cn_FUT3,CNV,cn_
cn_CAPS,CNV,cn_
cn_PCP2,CNV,cn_
cn_FCER2,CNV,cn_
cn_FBN3,CNV,cn_
cn_MUC16,CNV,cn_
cn_P2RY11,CNV,cn_
cn_ICAM5,CNV,cn_
cn_MAST1,CNV,cn_
cn_PALM3,CNV,cn_
cn_SLC1A6,CNV,cn_
cn_CASP14,CNV,cn_
cn_PGLYRP2,CNV,cn_
cn_CYP4F22,CNV,cn_
cn_CYP4F8,CNV,cn_
cn_CYP4F3,CNV,cn_
cn_CYP4F12,CNV,cn_
cn_UCA1,CNV,cn_
cn_CYP4F11,CNV,cn_
cn_NWD1,CNV,cn_
cn_CPAMD8,CNV,cn_
cn_B3GNT3,CNV,cn_
cn_TDRD12,CNV,cn_
cn_SLC7A10,CNV,cn_
cn_CHST8,CNV,cn_
cn_HPN,CNV,cn_
cn_FXYD1,CNV,cn_
cn_MAG,CNV,cn_
cn_FFAR2,CNV,cn_
cn_DMKN,CNV,cn_
cn_UPK1A,CNV,cn_
cn_HSPB6,CNV,cn_
cn_APLP1,CNV,cn_
cn_PPP1R14A,CNV,cn_
cn_C19orf33,CNV,cn_
cn_RYR1,CNV,cn_
cn_LGALS7,CNV,cn_
cn_LGALS7B,CNV,cn_
cn_NCCRP1,CNV,cn_
cn_DLL3,CNV,cn_
cn_FCGBP,CNV,cn_
cn_CNTD2,CNV,cn_
cn_MIA,CNV,cn_
cn_CYP2A6,CNV,cn_
cn_CYP2B7P1,CNV,cn_
cn_CEACAM7,CNV,cn_
cn_CEACAM6,CNV,cn_
cn_CD79A,CNV,cn_
cn_ATP1A3,CNV,cn_
cn_KCNN4,CNV,cn_
cn_CBLC,CNV,cn_
cn_FOSB,CNV,cn_
cn_FOXA3,CNV,cn_
cn_KCNC3,CNV,cn_
cn_SPIB,CNV,cn_
cn_KLK6,CNV,cn_
cn_KLK7,CNV,cn_
cn_KLK8,CNV,cn_
cn_KLK13,CNV,cn_
cn_KLK14,CNV,cn_
cn_HAS1,CNV,cn_
cn_NLRP7,CNV,cn_
cn_NLRP2,CNV,cn_
cn_TNNT1,CNV,cn_
cn_COX6B2,CNV,cn_
cn_NLRP5,CNV,cn_
cn_PEG3,CNV,cn_
cn_ZSCAN1,CNV,cn_
cn_DEFB132,CNV,cn_
cn_RSPO4,CNV,cn_
cn_SIRPG,CNV,cn_
cn_TGM3,CNV,cn_
cn_ADAM33,CNV,cn_
cn_SPEF1,CNV,cn_
cn_PRND,CNV,cn_
cn_CHGB,CNV,cn_
cn_FERMT1,CNV,cn_
cn_PAK7,CNV,cn_
cn_SNAP25,CNV,cn_
cn_FLRT3,CNV,cn_
cn_PCSK2,CNV,cn_
cn_PTPRT,CNV,cn_
cn_BCAS1,CNV,cn_
cn_CYP24A1,CNV,cn_
cn_BMP7,CNV,cn_
cn_PCK1,CNV,cn_
cn_ZBP1,CNV,cn_
cn_C20orf85,CNV,cn_
cn_APCDD1L,CNV,cn_
cn_ZNF831,CNV,cn_
cn_EDN3,CNV,cn_
cn_GATA5,CNV,cn_
cn_COL9A3,CNV,cn_
cn_EEF1A2,CNV,cn_
cn_SRMS,CNV,cn_
cn_MYT1,CNV,cn_
cn_ABCC13,CNV,cn_
cn_CXADR,CNV,cn_
cn_CHODL,CNV,cn_
cn_NCAM2,CNV,cn_
cn_B3GALT5,CNV,cn_
cn_C21orf88,CNV,cn_
cn_FAM3B,CNV,cn_
cn_TMPRSS2,CNV,cn_
cn_UMODL1,CNV,cn_
cn_S100B,CNV,cn_
cn_CECR7,CNV,cn_
cn_CECR2,CNV,cn_
cn_CDC45,CNV,cn_
cn_PRAME,CNV,cn_
cn_VPREB3,CNV,cn_
cn_GSTT1,CNV,cn_
cn_MYO18B,CNV,cn_
cn_SEZ6L,CNV,cn_
cn_NEFH,CNV,cn_
cn_SEC14L2,CNV,cn_
cn_INPP5J,CNV,cn_
cn_SLC5A1,CNV,cn_
cn_TMPRSS6,CNV,cn_
cn_ELFN2,CNV,cn_
cn_LGALS2,CNV,cn_
cn_SOX10,CNV,cn_
cn_APOBEC3B,CNV,cn_
cn_CACNA1I,CNV,cn_
cn_SEPT3,CNV,cn_
cn_SERHL2,CNV,cn_
cn_SCUBE1,CNV,cn_
cn_MPPED1,CNV,cn_
cn_SULT4A1,CNV,cn_
cn_PHF21B,CNV,cn_
cn_UPK3A,CNV,cn_
cn_SMC1B,CNV,cn_
cn_WNT7B,CNV,cn_
cn_KLHDC7B,CNV,cn_
mu_ANK3,Methylation,mu_
mu_GATA3,Methylation,mu_
mu_HECTD4,Methylation,mu_
mu_LRBA,Methylation,mu_
mu_LRP2,Methylation,mu_
mu_SYNE1,Methylation,mu_
mu_CDH1,Methylation,mu_
mu_MGA,Methylation,mu_
mu_MUC16,Methylation,mu_
mu_ZFHX4,Methylation,mu_
mu_LAMA2,Methylation,mu_
mu_MLL3,Methylation,mu_
mu_MUC5B,Methylation,mu_
mu_PLXNA4,Methylation,mu_
mu_PTPRD,Methylation,mu_
mu_CSMD2,Methylation,mu_
mu_DSCAM,Methylation,mu_
mu_FAT2,Methylation,mu_
mu_MAP3K1,Methylation,mu_
mu_MED12,Methylation,mu_
mu_RNA5-8SP6,Methylation,mu_
mu_AHCTF1,Methylation,mu_
mu_APOBR,Methylation,mu_
mu_COL14A1,Methylation,mu_
mu_COL7A1,Methylation,mu_
mu_CSMD1,Methylation,mu_
mu_CUBN,Methylation,mu_
mu_DMD,Methylation,mu_
mu_DNAH8,Methylation,mu_
mu_GOLGA6L2,Methylation,mu_
mu_HYDIN,Methylation,mu_
mu_MUC12,Methylation,mu_
mu_PLCE1,Methylation,mu_
mu_RYR2,Methylation,mu_
mu_USH2A,Methylation,mu_
mu_AHNAK,Methylation,mu_
mu_CDH23,Methylation,mu_
mu_CEP350,Methylation,mu_
mu_DNAH1,Methylation,mu_
mu_DNAH7,Methylation,mu_
mu_HERC2,Methylation,mu_
mu_IGSF10,Methylation,mu_
mu_KAT6B,Methylation,mu_
mu_PIK3CA,Methylation,mu_
mu_QSER1,Methylation,mu_
mu_RB1,Methylation,mu_
mu_TAF1L,Methylation,mu_
mu_TCHH,Methylation,mu_
mu_TEX15,Methylation,mu_
mu_TP53,Methylation,mu_
mu_ZFHX3,Methylation,mu_
mu_SPEN,Methylation,mu_
mu_FAT3,Methylation,mu_
mu_MUC4,Methylation,mu_
mu_OBSCN,Methylation,mu_
mu_MUC20,Methylation,mu_
mu_ODZ4,Methylation,mu_
mu_ZAN,Methylation,mu_
mu_AKAP9,Methylation,mu_
mu_DNAH12,Methylation,mu_
mu_DNAH5,Methylation,mu_
mu_KIF26B,Methylation,mu_
mu_NCOR1,Methylation,mu_
mu_ARID1A,Methylation,mu_
mu_ASPM,Methylation,mu_
mu_CROCC,Methylation,mu_
mu_DNAH17,Methylation,mu_
mu_DSPP,Methylation,mu_
mu_HRNR,Methylation,mu_
mu_SVEP1,Methylation,mu_
mu_ANK1,Methylation,mu_
mu_CROCCP2,Methylation,mu_
mu_MTOR,Methylation,mu_
mu_LAMA1,Methylation,mu_
mu_MST1P9,Methylation,mu_
mu_PCNT,Methylation,mu_
mu_SCN2A,Methylation,mu_
mu_TTN,Methylation,mu_
mu_DNAH6,Methylation,mu_
mu_DYNC2H1,Methylation,mu_
mu_OTOGL,Methylation,mu_
mu_TNRC6B,Methylation,mu_
mu_NF1,Methylation,mu_
mu_PCLO,Methylation,mu_
mu_ADAMTSL1,Methylation,mu_
mu_CACNA1D,Methylation,mu_
mu_FBN3,Methylation,mu_
mu_MEGF8,Methylation,mu_
mu_DST,Methylation,mu_
mu_LYST,Methylation,mu_
mu_MDN1,Methylation,mu_
mu_TP53BP1,Methylation,mu_
mu_ABCB1,Methylation,mu_
mu_MXRA5,Methylation,mu_
mu_HEATR7B2,Methylation,mu_
mu_ATP10B,Methylation,mu_
mu_CHD4,Methylation,mu_
mu_FAT4,Methylation,mu_
mu_FREM1,Methylation,mu_
mu_MUC17,Methylation,mu_
mu_TG,Methylation,mu_
mu_TLN1,Methylation,mu_
mu_DNAH3,Methylation,mu_
mu_MGAM,Methylation,mu_
mu_NEB,Methylation,mu_
mu_RNF213,Methylation,mu_
mu_SPTA1,Methylation,mu_
mu_FLNC,Methylation,mu_
mu_MLL2,Methylation,mu_
mu_PDE4DIP,Methylation,mu_
mu_MYH9,Methylation,mu_
mu_AFF2,Methylation,mu_
mu_COL6A5,Methylation,mu_
mu_CTCF,Methylation,mu_
mu_MACF1,Methylation,mu_
mu_APOB,Methylation,mu_
mu_CNTRL,Methylation,mu_
mu_FLG,Methylation,mu_
mu_FMN2,Methylation,mu_
mu_UBR4,Methylation,mu_
mu_GPR98,Methylation,mu_
mu_PKHD1,Methylation,mu_
mu_PTEN,Methylation,mu_
mu_VPS13D,Methylation,mu_
mu_ANK2,Methylation,mu_
mu_MYH11,Methylation,mu_
mu_FAM157B,Methylation,mu_
mu_SRCAP,Methylation,mu_
mu_CMYA5,Methylation,mu_
mu_BRWD1,Methylation,mu_
mu_HSPG2,Methylation,mu_
mu_RP1,Methylation,mu_
mu_RUNX1,Methylation,mu_
mu_TBP,Methylation,mu_
mu_WDR52,Methylation,mu_
mu_BIRC6,Methylation,mu_
mu_FAT1,Methylation,mu_
mu_TPR,Methylation,mu_
mu_FRAS1,Methylation,mu_
mu_RELN,Methylation,mu_
mu_RPGR,Methylation,mu_
mu_NOTCH2,Methylation,mu_
mu_DNHD1,Methylation,mu_
mu_XIRP2,Methylation,mu_
mu_ANKRD30BL,Methylation,mu_
mu_CBFB,Methylation,mu_
mu_PDE3A,Methylation,mu_
mu_CACNA1A,Methylation,mu_
mu_THSD7B,Methylation,mu_
mu_ABCA13,Methylation,mu_
mu_EYS,Methylation,mu_
mu_PKD1L1,Methylation,mu_
mu_RYR3,Methylation,mu_
mu_FRG1B,Methylation,mu_
mu_HUWE1,Methylation,mu_
mu_FOXA1,Methylation,mu_
mu_FCGBP,Methylation,mu_
mu_CACNA1E,Methylation,mu_
mu_ANKRD12,Methylation,mu_
mu_CHD5,Methylation,mu_
mu_GRID1,Methylation,mu_
mu_KIF4A,Methylation,mu_
mu_MLL,Methylation,mu_
mu_PCNXL2,Methylation,mu_
mu_PRKDC,Methylation,mu_
mu_SI,Methylation,mu_
mu_PTPRB,Methylation,mu_
mu_CACNA1C,Methylation,mu_
mu_CSPP1,Methylation,mu_
mu_PREX2,Methylation,mu_
mu_SMG1,Methylation,mu_
mu_UBR5,Methylation,mu_
mu_KIAA1210,Methylation,mu_
mu_COL6A3,Methylation,mu_
mu_ODZ1,Methylation,mu_
mu_AHNAK2,Methylation,mu_
mu_AKAP13,Methylation,mu_
mu_ASTN1,Methylation,mu_
mu_CACNA1F,Methylation,mu_
mu_CHD6,Methylation,mu_
mu_CHD8,Methylation,mu_
mu_CNTNAP2,Methylation,mu_
mu_DNAH2,Methylation,mu_
mu_DYNC1H1,Methylation,mu_
mu_FLNA,Methylation,mu_
mu_GRIN2A,Methylation,mu_
mu_KIAA0947,Methylation,mu_
mu_KIAA1109,Methylation,mu_
mu_LRP1,Methylation,mu_
mu_MYH1,Methylation,mu_
mu_MYO18B,Methylation,mu_
mu_RYR1,Methylation,mu_
mu_SDK1,Methylation,mu_
mu_STARD9,Methylation,mu_
mu_ERBB2,Methylation,mu_
mu_SETD2,Methylation,mu_
mu_VCAN,Methylation,mu_
mu_WDFY3,Methylation,mu_
mu_ATM,Methylation,mu_
mu_UTRN,Methylation,mu_
mu_VPS13B,Methylation,mu_
mu_MAP2,Methylation,mu_
mu_DNAH10,Methylation,mu_
mu_SYNE2,Methylation,mu_
mu_MAP2K4,Methylation,mu_
mu_TNXB,Methylation,mu_
mu_ASH1L,Methylation,mu_
mu_ASXL2,Methylation,mu_
mu_HMCN1,Methylation,mu_
mu_ALMS1,Methylation,mu_
mu_ITPR2,Methylation,mu_
mu_TBX3,Methylation,mu_
mu_F8,Methylation,mu_
mu_AKD1,Methylation,mu_
mu_ERBB3,Methylation,mu_
mu_CENPE,Methylation,mu_
mu_ABCA12,Methylation,mu_
mu_C9orf174,Methylation,mu_
mu_F5,Methylation,mu_
mu_FRMPD4,Methylation,mu_
mu_LRP1B,Methylation,mu_
mu_DCHS2,Methylation,mu_
mu_HERC1,Methylation,mu_
mu_CSMD3,Methylation,mu_
mu_USP34,Methylation,mu_
mu_BAZ2B,Methylation,mu_
mu_FLG2,Methylation,mu_
mu_PCDH19,Methylation,mu_
mu_VPS13A,Methylation,mu_
mu_PAPPA2,Methylation,mu_
mu_PDZD2,Methylation,mu_
mu_BCORL1,Methylation,mu_
mu_APC,Methylation,mu_
mu_PRUNE2,Methylation,mu_
mu_GON4L,Methylation,mu_
mu_SPHKAP,Methylation,mu_
mu_SACS,Methylation,mu_
mu_MYCBP2,Methylation,mu_
mu_DOCK11,Methylation,mu_
mu_FBN1,Methylation,mu_
mu_DNAH11,Methylation,mu_
mu_PIWIL1,Methylation,mu_
mu_SCN10A,Methylation,mu_
mu_ATRX,Methylation,mu_
mu_PKHD1L1,Methylation,mu_
mu_MAP1A,Methylation,mu_
mu_DNAH9,Methylation,mu_
mu_MYH7,Methylation,mu_
mu_PEG3,Methylation,mu_
pp_X14.3.3.beta,Protein,pp_
pp_X14.3.3.epsilon,Protein,pp_
pp_X14.3.3.zeta,Protein,pp_
pp_X4E.BP1,Protein,pp_
pp_X4E.BP1.pS65,Protein,pp_
pp_X4E.BP1.pT37.T46,Protein,pp_
pp_X4E.BP1.pT70,Protein,pp_
pp_X53BP1,Protein,pp_
pp_A.Raf,Protein,pp_
pp_A.Raf.pS299,Protein,pp_
pp_ACC1,Protein,pp_
pp_ACC.pS79,Protein,pp_
pp_ACVRL1,Protein,pp_
pp_ADAR1,Protein,pp_
pp_AMPK.alpha,Protein,pp_
pp_AMPK.pT172,Protein,pp_
pp_AR,Protein,pp_
pp_ARID1A,Protein,pp_
pp_ASNS,Protein,pp_
pp_ATM,Protein,pp_
pp_Acetyl.a.Tubulin.Lys40,Protein,pp_
pp_Akt,Protein,pp_
pp_Akt.pS473,Protein,pp_
pp_Akt.pT308,Protein,pp_
pp_Annexin.1,Protein,pp_
pp_Annexin.VII,Protein,pp_
pp_Axl,Protein,pp_
pp_B.Raf,Protein,pp_
pp_B.Raf.pS445,Protein,pp_
pp_BRCA2,Protein,pp_
pp_BRD4,Protein,pp_
pp_Bad.pS112,Protein,pp_
pp_Bak,Protein,pp_
pp_Bap1.c.4,Protein,pp_
pp_Bax,Protein,pp_
pp_Bcl.2,Protein,pp_
pp_Bcl.xL,Protein,pp_
pp_Bcl2A1,Protein,pp_
pp_Beclin,Protein,pp_
pp_Bid,Protein,pp_
pp_Bim,Protein,pp_
pp_C.Raf,Protein,pp_
pp_C.Raf.pS338,Protein,pp_
pp_CD20,Protein,pp_
pp_CD26,Protein,pp_
pp_CD31,Protein,pp_
pp_CD49b,Protein,pp_
pp_CDK1,Protein,pp_
pp_CDK1.pY15,Protein,pp_
pp_COG3,Protein,pp_
pp_Caspase.3,Protein,pp_
pp_Caspase.7.cleavedD198,Protein,pp_
pp_Caspase.8,Protein,pp_
pp_Caveolin.1,Protein,pp_
pp_Chk1,Protein,pp_
pp_Chk1.pS296,Protein,pp_
pp_Chk1.pS345,Protein,pp_
pp_Chk2,Protein,pp_
pp_Chk2.pT68,Protein,pp_
pp_Claudin.7,Protein,pp_
pp_Collagen.VI,Protein,pp_
pp_Cyclin.B1,Protein,pp_
pp_Cyclin.D1,Protein,pp_
pp_Cyclin.E1,Protein,pp_
pp_Cyclin.E2,Protein,pp_
pp_DIRAS3,Protein,pp_
pp_DJ.1,Protein,pp_
pp_DUSP4,Protein,pp_
pp_Dvl3,Protein,pp_
pp_E.Cadherin,Protein,pp_
pp_EGFR,Protein,pp_
pp_EGFR.pY1068,Protein,pp_
pp_EGFR.pY1173,Protein,pp_
pp_ENY2,Protein,pp_
pp_EPPK1,Protein,pp_
pp_ER.alpha,Protein,pp_
pp_ER.alpha.pS118,Protein,pp_
pp_ERCC1,Protein,pp_
pp_ERCC5,Protein,pp_
pp_ERK2,Protein,pp_
pp_ETS.1,Protein,pp_
pp_FASN,Protein,pp_
pp_FOXO3a,Protein,pp_
pp_FOXO3a.pS318.S321,Protein,pp_
pp_Fibronectin,Protein,pp_
pp_FoxM1,Protein,pp_
pp_G6PD,Protein,pp_
pp_GAB2,Protein,pp_
pp_GAPDH,Protein,pp_
pp_GATA3,Protein,pp_
pp_GATA6,Protein,pp_
pp_GCN5L2,Protein,pp_
pp_GSK3.alpha.beta,Protein,pp_
pp_GSK3.alpha.beta.pS21.S9,Protein,pp_
pp_GSK3.pS9,Protein,pp_
pp_HER2,Protein,pp_
pp_HER2.pY1248,Protein,pp_
pp_HER3,Protein,pp_
pp_HER3.pY1289,Protein,pp_
pp_HSP70,Protein,pp_
pp_Heregulin,Protein,pp_
pp_IGF1R.pY1135.Y1136,Protein,pp_
pp_IGFBP2,Protein,pp_
pp_INPP4B,Protein,pp_
pp_IRF.1,Protein,pp_
pp_IRS1,Protein,pp_
pp_JAB1,Protein,pp_
pp_JNK2,Protein,pp_
pp_JNK.pT183.pY185,Protein,pp_
pp_Jak2,Protein,pp_
pp_Ku80,Protein,pp_
pp_LKB1,Protein,pp_
pp_Lck,Protein,pp_
pp_MAPK.pT202.Y204,Protein,pp_
pp_MEK1,Protein,pp_
pp_MEK1.pS217.S221,Protein,pp_
pp_MIG.6,Protein,pp_
pp_MSH2,Protein,pp_
pp_MSH6,Protein,pp_
pp_MYH11,Protein,pp_
pp_Mre11,Protein,pp_
pp_Myosin.IIa,Protein,pp_
pp_Myosin.IIa.pS1943,Protein,pp_
pp_N.Cadherin,Protein,pp_
pp_N.Ras,Protein,pp_
pp_NDRG1.pT346,Protein,pp_
pp_NF.kB.p65.pS536,Protein,pp_
pp_NF2,Protein,pp_
pp_Notch1,Protein,pp_
pp_P.Cadherin,Protein,pp_
pp_PAI.1,Protein,pp_
pp_PARP1,Protein,pp_
pp_PARP.cleaved,Protein,pp_
pp_PCNA,Protein,pp_
pp_PDCD4,Protein,pp_
pp_PDK1,Protein,pp_
pp_PDK1.pS241,Protein,pp_
pp_PEA15,Protein,pp_
pp_PEA15.pS116,Protein,pp_
pp_PI3K.p110.alpha,Protein,pp_
pp_PI3K.p85,Protein,pp_
pp_PKC.alpha,Protein,pp_
pp_PKC.alpha.pS657,Protein,pp_
pp_PKC.delta.pS664,Protein,pp_
pp_PKC.pan.BetaII.pS660,Protein,pp_
pp_PR,Protein,pp_
pp_PRAS40.pT246,Protein,pp_
pp_PRDX1,Protein,pp_
pp_PREX1,Protein,pp_
pp_PTEN,Protein,pp_
pp_Paxillin,Protein,pp_
pp_RBM15,Protein,pp_
pp_Rab11,Protein,pp_
pp_Rab25,Protein,pp_
pp_Rad50,Protein,pp_
pp_Rad51,Protein,pp_
pp_Raptor,Protein,pp_
pp_Rb,Protein,pp_
pp_Rb.pS807.S811,Protein,pp_
pp_Rictor,Protein,pp_
pp_Rictor.pT1135,Protein,pp_
pp_S6,Protein,pp_
pp_S6.pS235.S236,Protein,pp_
pp_S6.pS240.S244,Protein,pp_
pp_SCD,Protein,pp_
pp_SETD2,Protein,pp_
pp_SF2,Protein,pp_
pp_SHP.2.pY542,Protein,pp_
pp_SLC1A5,Protein,pp_
pp_STAT3.pY705,Protein,pp_
pp_STAT5.alpha,Protein,pp_
pp_Shc.pY317,Protein,pp_
pp_Smac,Protein,pp_
pp_Smad1,Protein,pp_
pp_Smad3,Protein,pp_
pp_Smad4,Protein,pp_
pp_Snail,Protein,pp_
pp_Src,Protein,pp_
pp_Src.pY416,Protein,pp_
pp_Src.pY527,Protein,pp_
pp_Stathmin,Protein,pp_
pp_Syk,Protein,pp_
pp_TAZ,Protein,pp_
pp_TFRC,Protein,pp_
pp_TIGAR,Protein,pp_
pp_TSC1,Protein,pp_
pp_Transglutaminase,Protein,pp_
pp_Tuberin,Protein,pp_
pp_Tuberin.pT1462,Protein,pp_
pp_VEGFR2,Protein,pp_
pp_XBP1,Protein,pp_
pp_XRCC1,Protein,pp_
pp_YAP,Protein,pp_
pp_YAP.pS127,Protein,pp_
pp_YB.1,Protein,pp_
pp_YB.1.pS102,Protein,pp_
pp_beta.Catenin,Protein,pp_
pp_c.Abl,Protein,pp_
pp_c.Jun.pS73,Protein,pp_
pp_c.Kit,Protein,pp_
pp_c.Met,Protein,pp_
pp_c.Met.pY1235,Protein,pp_
pp_c.Myc,Protein,pp_
pp_cIAP,Protein,pp_
pp_eEF2,Protein,pp_
pp_eEF2K,Protein,pp_
pp_eIF4E,Protein,pp_
pp_eIF4G,Protein,pp_
pp_mTOR,Protein,pp_
pp_mTOR.pS2448,Protein,pp_
pp_p16.INK4a,Protein,pp_
pp_p21,Protein,pp_
pp_p27,Protein,pp_
pp_p27.pT157,Protein,pp_
pp_p27.pT198,Protein,pp_
pp_p38.MAPK,Protein,pp_
pp_p38.pT180.Y182,Protein,pp_
pp_p53,Protein,pp_
pp_p62.LCK.ligand,Protein,pp_
pp_p70S6K,Protein,pp_
pp_p70S6K.pT389,Protein,pp_
pp_p90RSK,Protein,pp_
pp_p90RSK.pT359.S363,Protein,pp_
